"SNP","effect_allele.exposure","other_allele.exposure","effect_allele.outcome","other_allele.outcome","beta.exposure","beta.outcome","eaf.exposure","eaf.outcome","remove","palindromic","ambiguous","id.outcome","se.outcome","pval.outcome","outcome","mr_keep.outcome","pval_origin.outcome","data_source.outcome","Phenotype.x","exposure","id.exposure","se.exposure","pval.exposure","Phenotype.y","action","SNP_index","mr_keep","samplesize.outcome"
"rs10204824","G","A","G","A",-0.0147,-0.00369052470911766,0.643,0.652183,FALSE,FALSE,FALSE,"QHu8X3",0.00842516514610703,0.66,"outcome",TRUE,"reported","textfile","Depression","exposure","2",0.00386,0.000134,"CPD",2,1,TRUE,NA
"rs1024323","T","C","T","C",-0.00792,-0.00649722094196977,0.387,0.37148,FALSE,FALSE,FALSE,"QHu8X3",0.00817655613275771,0.43,"outcome",TRUE,"reported","textfile","Depression","exposure","2",0.00382,0.0381,"CPD",2,1,TRUE,NA
"rs10454798","T","G","T","G",0.0076,0.0039787658223286,0.264,0.245262,FALSE,FALSE,FALSE,"QHu8X3",0.00920011330125395,0.67,"outcome",TRUE,"reported","textfile","Depression","exposure","2",0.00428,0.0753,"CPD",2,1,TRUE,NA
"rs10519203","A","G","A","G",-0.09,-0.013876922257951,0.664,0.666355,FALSE,FALSE,FALSE,"QHu8X3",0.00838245768797818,0.098,"outcome",TRUE,"reported","textfile","Depression","exposure","2",0.00402,1.04e-110,"CPD",2,1,TRUE,NA
"rs10742683","A","G","A","G",-0.0135,-0.00482542669816586,0.409,0.425187,FALSE,FALSE,FALSE,"QHu8X3",0.00799519425138192,0.55,"outcome",TRUE,"reported","textfile","Depression","exposure","2",0.0038,0.000416,"CPD",2,1,TRUE,NA
"rs1115019","C","T","C","T",-0.0122,0.000961686647465927,0.75,0.796842,FALSE,FALSE,FALSE,"QHu8X3",0.00980059806702864,0.92,"outcome",TRUE,"reported","textfile","Depression","exposure","2",0.00456,0.0074,"CPD",2,1,TRUE,NA
"rs112292570","T","A","T","A",-0.0956,0.0108064613934394,0.0214,0.0223410000000001,FALSE,TRUE,FALSE,"QHu8X3",0.0267014295335282,0.69,"outcome",TRUE,"reported","textfile","Depression","exposure","2",0.0113,3.56e-17,"CPD",2,1,TRUE,NA
"rs11264100","G","A","G","A",-0.0208,0.0145083712473752,0.847,0.889768,FALSE,FALSE,FALSE,"QHu8X3",0.0127144473649863,0.25,"outcome",TRUE,"reported","textfile","Depression","exposure","2",0.00539,0.000113,"CPD",2,1,TRUE,NA
"rs113001570","T","A","T","A",0.0389,-0.00655946535073463,0.0551,0.065555,FALSE,TRUE,FALSE,"QHu8X3",0.0160376247419027,0.68,"outcome",TRUE,"reported","textfile","Depression","exposure","2",0.00744,1.7e-07,"CPD",2,1,TRUE,NA
"rs11667314","C","T","C","T",0.0278,-0.00498743067373626,0.661,0.666166,FALSE,FALSE,FALSE,"QHu8X3",0.00837724432379229,0.55,"outcome",TRUE,"reported","textfile","Depression","exposure","2",0.00399,3.45e-12,"CPD",2,1,TRUE,NA
"rs117824460","G","A","G","A",-0.0821,0.00496473410844214,0.0234,0.027531,FALSE,FALSE,FALSE,"QHu8X3",0.0251394740272892,0.84,"outcome",TRUE,"reported","textfile","Depression","exposure","2",0.0128,1.39e-10,"CPD",2,1,TRUE,NA
"rs11846838","A","G","A","G",0.0124,0.00483768073701492,0.313,0.325049,FALSE,FALSE,FALSE,"QHu8X3",0.00848182756897588,0.57,"outcome",TRUE,"reported","textfile","Depression","exposure","2",0.00399,0.00192,"CPD",2,1,TRUE,NA
"rs11940255","A","G","A","G",-0.0164,-0.0202749839599002,0.698,0.725422,FALSE,FALSE,FALSE,"QHu8X3",0.00895524316525006,0.024,"outcome",TRUE,"reported","textfile","Depression","exposure","2",0.00413,7.54e-05,"CPD",2,1,TRUE,NA
"rs12924872","T","C","T","C",-0.0101,-0.0186380929260196,0.445,0.46247,FALSE,FALSE,FALSE,"QHu8X3",0.00796781092434493,0.019,"outcome",TRUE,"reported","textfile","Depression","exposure","2",0.00377,0.00751,"CPD",2,1,TRUE,NA
"rs13253502","A","G","A","G",-0.00392,9.59717154329035e-05,0.391,0.406295,FALSE,FALSE,FALSE,"QHu8X3",0.00803526869729568,0.99,"outcome",TRUE,"reported","textfile","Depression","exposure","2",0.00379,0.302,"CPD",2,1,TRUE,NA
"rs1592485","A","C","A","C",-0.0225,-0.00584139025943377,0.623,0.607592,FALSE,FALSE,FALSE,"QHu8X3",0.00812584431749496,0.47,"outcome",TRUE,"reported","textfile","Depression","exposure","2",0.00386,5.88e-09,"CPD",2,1,TRUE,NA
"rs182317","T","G","T","G",-0.0201,-0.00696616041747828,0.342,0.365708,FALSE,FALSE,FALSE,"QHu8X3",0.00823442974124551,0.4,"outcome",TRUE,"reported","textfile","Depression","exposure","2",0.00402,5.7e-07,"CPD",2,1,TRUE,NA
"rs2072659","G","C","G","C",-0.0305,0.001191832979163,0.105,0.10347,FALSE,TRUE,FALSE,"QHu8X3",0.0136693355749128,0.93,"outcome",TRUE,"reported","textfile","Depression","exposure","2",0.00637,1.71e-06,"CPD",2,1,TRUE,NA
"rs2084533","T","C","T","C",0.018,0.00179064841519332,0.319,0.312476,FALSE,FALSE,FALSE,"QHu8X3",0.00858372514170008,0.83,"outcome",TRUE,"reported","textfile","Depression","exposure","2",0.00399,6.37e-06,"CPD",2,1,TRUE,NA
"rs215600","A","G","A","G",-0.0249,-0.0107977724531296,0.64,0.640433,FALSE,FALSE,FALSE,"QHu8X3",0.00824185483569207,0.19,"outcome",TRUE,"reported","textfile","Depression","exposure","2",0.00392,2.06e-10,"CPD",2,1,TRUE,NA
"rs2236951","C","T","C","T",-0.0133,0.0122525643622142,0.223,0.197683,FALSE,FALSE,FALSE,"QHu8X3",0.00993988441320719,0.22,"outcome",TRUE,"reported","textfile","Depression","exposure","2",0.00465,0.00415,"CPD",2,1,TRUE,NA
"rs2273500","C","T","C","T",0.0345,0.000129140296908905,0.159,0.146291,FALSE,FALSE,FALSE,"QHu8X3",0.0111940407915015,0.99,"outcome",TRUE,"reported","textfile","Depression","exposure","2",0.00532,8.58e-11,"CPD",2,1,TRUE,NA
"rs258321","G","A","G","A",0.0159,0.00679706837302485,0.433,0.416283,FALSE,FALSE,FALSE,"QHu8X3",0.00800409383266895,0.4,"outcome",TRUE,"reported","textfile","Depression","exposure","2",0.0038,3.1e-05,"CPD",2,1,TRUE,NA
"rs2741351","C","A","C","A",0.0234,0.00622459885721877,0.803,0.829595,FALSE,FALSE,FALSE,"QHu8X3",0.0105220960742091,0.55,"outcome",TRUE,"reported","textfile","Depression","exposure","2",0.00488,1.6e-06,"CPD",2,1,TRUE,NA
"rs28813180","A","G","A","G",-0.0169,-0.00544680704887955,0.471,0.503185,FALSE,FALSE,FALSE,"QHu8X3",0.00789729885722467,0.49,"outcome",TRUE,"reported","textfile","Depression","exposure","2",0.00374,6.01e-06,"CPD",2,1,TRUE,NA
"rs3025383","C","T","C","T",-0.0319,0.0135996134114571,0.18,0.182344,FALSE,FALSE,FALSE,"QHu8X3",0.0102761727333192,0.19,"outcome",TRUE,"reported","textfile","Depression","exposure","2",0.00471,1.19e-11,"CPD",2,1,TRUE,NA
"rs3181842","T","C","T","C",-0.0157,0.000435187945128093,0.615,0.58203,FALSE,FALSE,FALSE,"QHu8X3",0.00812078893404198,0.96,"outcome",TRUE,"reported","textfile","Depression","exposure","2",0.00392,6.13e-05,"CPD",2,1,TRUE,NA
"rs34638591","C","T","C","T",0.000321,0.0066992256391119,0.612,0.653758,FALSE,FALSE,FALSE,"QHu8X3",0.00834659606160858,0.42,"outcome",TRUE,"reported","textfile","Depression","exposure","2",0.00396,0.935,"CPD",2,1,TRUE,NA
"rs34973462","T","C","T","C",0.0143,0.0265570351436524,0.348,0.340233,FALSE,FALSE,FALSE,"QHu8X3",0.00832726975194978,0.0014,"outcome",TRUE,"reported","textfile","Depression","exposure","2",0.00403,0.000394,"CPD",2,1,TRUE,NA
"rs4144686","A","G","A","G",-0.0193,-0.0223544843471384,0.163,0.168118,FALSE,FALSE,FALSE,"QHu8X3",0.0105656987564911,0.034,"outcome",TRUE,"reported","textfile","Depression","exposure","2",0.00496,9.47e-05,"CPD",2,1,TRUE,NA
"rs4236926","G","T","G","T",0.0335,0.0218919694214347,0.748,0.768109,FALSE,FALSE,FALSE,"QHu8X3",0.00936941598668459,0.019,"outcome",TRUE,"reported","textfile","Depression","exposure","2",0.00439,2.41e-14,"CPD",2,1,TRUE,NA
"rs4485470","A","G","A","G",-0.0179,-0.00107421105749025,0.597,0.587812,FALSE,FALSE,FALSE,"QHu8X3",0.00804874971983697,0.89,"outcome",TRUE,"reported","textfile","Depression","exposure","2",0.00381,2.5e-06,"CPD",2,1,TRUE,NA
"rs56113850","C","T","C","T",0.0402,-0.0103218818253733,0.568,0.578012,FALSE,FALSE,FALSE,"QHu8X3",0.00798597870862909,0.2,"outcome",TRUE,"reported","textfile","Depression","exposure","2",0.00383,8.58e-26,"CPD",2,1,TRUE,NA
"rs59208569","C","G","C","G",0.021,0.0127127095769243,0.807,0.8303,FALSE,TRUE,FALSE,"QHu8X3",0.0106435832578136,0.23,"outcome",TRUE,"reported","textfile","Depression","exposure","2",0.00496,2.28e-05,"CPD",2,1,TRUE,NA
"rs6078373","A","G","A","G",0.0128,-0.0126510444308468,0.393,0.409979,FALSE,FALSE,FALSE,"QHu8X3",0.00801678495154571,0.11,"outcome",TRUE,"reported","textfile","Depression","exposure","2",0.00383,8e-04,"CPD",2,1,TRUE,NA
"rs62447179","A","G","A","G",-0.0139,0.00584412859213747,0.3,0.30811,FALSE,FALSE,FALSE,"QHu8X3",0.0085676111069437,0.5,"outcome",TRUE,"reported","textfile","Depression","exposure","2",0.00411,0.000678,"CPD",2,1,TRUE,NA
"rs632811","G","A","G","A",-0.0188,-0.0119253862643664,0.351,0.329914,FALSE,FALSE,FALSE,"QHu8X3",0.00843374876592824,0.16,"outcome",TRUE,"reported","textfile","Depression","exposure","2",0.00477,8.32e-05,"CPD",2,1,TRUE,NA
"rs699165","G","A","G","A",0.0162,-0.0167950896959413,0.74,0.739606,FALSE,FALSE,FALSE,"QHu8X3",0.00901332741471507,0.062,"outcome",TRUE,"reported","textfile","Depression","exposure","2",0.00431,0.000161,"CPD",2,1,TRUE,NA
"rs7125588","G","A","G","A",-0.0155,-0.013269591660417,0.408,0.443202,FALSE,FALSE,FALSE,"QHu8X3",0.00800156614094246,0.097,"outcome",TRUE,"reported","textfile","Depression","exposure","2",0.00379,4.38e-05,"CPD",2,1,TRUE,NA
"rs7281463","C","A","C","A",0.0116,0.000637747154642722,0.401,0.428557,FALSE,FALSE,FALSE,"QHu8X3",0.00800293530729431,0.94,"outcome",TRUE,"reported","textfile","Depression","exposure","2",0.00383,0.00238,"CPD",2,1,TRUE,NA
"rs73229090","A","C","A","C",0.0255,0.0318148445757324,0.113,0.114227,FALSE,FALSE,FALSE,"QHu8X3",0.0125428802890506,0.011,"outcome",TRUE,"reported","textfile","Depression","exposure","2",0.00602,2.21e-05,"CPD",2,1,TRUE,NA
"rs7431710","A","G","A","G",-0.0176,-0.00449324061108498,0.644,0.656018,FALSE,FALSE,FALSE,"QHu8X3",0.00830615299398471,0.59,"outcome",TRUE,"reported","textfile","Depression","exposure","2",0.00396,9.26e-06,"CPD",2,1,TRUE,NA
"rs75596189","T","C","T","C",0.0311,-0.00362333550341285,0.0954,0.11124,FALSE,FALSE,FALSE,"QHu8X3",0.0126003852758283,0.77,"outcome",TRUE,"reported","textfile","Depression","exposure","2",0.00595,1.65e-07,"CPD",2,1,TRUE,NA
"rs7599488","T","C","T","C",0.0102,-0.0127297188358338,0.434,0.425394,FALSE,FALSE,FALSE,"QHu8X3",0.00797286630779791,0.11,"outcome",TRUE,"reported","textfile","Depression","exposure","2",0.00376,0.00638,"CPD",2,1,TRUE,NA
"rs7766641","A","G","A","G",-0.0158,0.02046471882012,0.291,0.258518,FALSE,FALSE,FALSE,"QHu8X3",0.00904244852981403,0.024,"outcome",TRUE,"reported","textfile","Depression","exposure","2",0.0042,0.000162,"CPD",2,1,TRUE,NA
"rs78408772","T","C","T","C",-0.0173,-0.023441602430507,0.11,0.104387,FALSE,FALSE,FALSE,"QHu8X3",0.0130713258406203,0.073,"outcome",TRUE,"reported","textfile","Depression","exposure","2",0.00626,0.00559,"CPD",2,1,TRUE,NA
"rs790564","C","A","C","A",-0.0188,0.0126521502959771,0.719,0.723739,FALSE,FALSE,FALSE,"QHu8X3",0.00886666863433425,0.15,"outcome",TRUE,"reported","textfile","Depression","exposure","2",0.00423,8.79e-06,"CPD",2,1,TRUE,NA
"rs7951365","C","T","C","T",0.0195,0.00491477006864848,0.306,0.313517,FALSE,FALSE,FALSE,"QHu8X3",0.00858598953220506,0.57,"outcome",TRUE,"reported","textfile","Depression","exposure","2",0.00408,1.81e-06,"CPD",2,1,TRUE,NA
"rs10204824","G","A","G","A",0.011894,-0.00369052470911766,0.61016,0.652183,FALSE,FALSE,FALSE,"QHu8X3",0.00842516514610703,0.66,"outcome",TRUE,"reported","textfile","Depression","exposure","1",0.020443,0.560711,"NMR",2,1,TRUE,NA
"rs1024323","T","C","T","C",-0.021997,-0.00649722094196977,0.443472,0.37148,FALSE,FALSE,FALSE,"QHu8X3",0.00817655613275771,0.43,"outcome",TRUE,"reported","textfile","Depression","exposure","1",0.020384,0.280517,"NMR",2,1,TRUE,NA
"rs10454798","T","G","T","G",-0.013897,0.0039787658223286,0.298342,0.245262,FALSE,FALSE,FALSE,"QHu8X3",0.00920011330125395,0.67,"outcome",TRUE,"reported","textfile","Depression","exposure","1",0.021674,0.521412,"NMR",2,1,TRUE,NA
"rs10519203","A","G","A","G",-0.001767,-0.013876922257951,0.647412,0.666355,FALSE,FALSE,FALSE,"QHu8X3",0.00838245768797818,0.098,"outcome",TRUE,"reported","textfile","Depression","exposure","1",0.020937,0.932731,"NMR",2,1,TRUE,NA
"rs10742683","A","G","A","G",-0.013248,-0.00482542669816586,0.425776,0.425187,FALSE,FALSE,FALSE,"QHu8X3",0.00799519425138192,0.55,"outcome",TRUE,"reported","textfile","Depression","exposure","1",0.019814,0.503776,"NMR",2,1,TRUE,NA
"rs1115019","C","T","C","T",0.012673,0.000961686647465927,0.805411,0.796842,FALSE,FALSE,FALSE,"QHu8X3",0.00980059806702864,0.92,"outcome",TRUE,"reported","textfile","Depression","exposure","1",0.02499,0.612107,"NMR",2,1,TRUE,NA
"rs112292570","T","A","T","A",-1.071738,0.0108064613934394,0.021651,0.0223410000000001,FALSE,TRUE,FALSE,"QHu8X3",0.0267014295335282,0.69,"outcome",TRUE,"reported","textfile","Depression","exposure","1",0.069676,2.42e-53,"NMR",2,1,TRUE,NA
"rs11264100","G","A","G","A",0.032827,0.0145083712473752,0.861219,0.889768,FALSE,FALSE,FALSE,"QHu8X3",0.0127144473649863,0.25,"outcome",TRUE,"reported","textfile","Depression","exposure","1",0.028143,0.24342,"NMR",2,1,TRUE,NA
"rs113001570","T","A","T","A",0.002228,-0.00655946535073463,0.051811,0.065555,FALSE,TRUE,FALSE,"QHu8X3",0.0160376247419027,0.68,"outcome",TRUE,"reported","textfile","Depression","exposure","1",0.046323,0.961627,"NMR",2,1,TRUE,NA
"rs11667314","C","T","C","T",0.604944,-0.00498743067373626,0.681826,0.666166,FALSE,FALSE,FALSE,"QHu8X3",0.00837724432379229,0.55,"outcome",TRUE,"reported","textfile","Depression","exposure","1",0.020813,1.15e-185,"NMR",2,1,TRUE,NA
"rs117824460","G","A","G","A",-1.027822,0.00496473410844214,0.037001,0.027531,FALSE,FALSE,FALSE,"QHu8X3",0.0251394740272892,0.84,"outcome",TRUE,"reported","textfile","Depression","exposure","1",0.067626,4.03e-52,"NMR",2,1,TRUE,NA
"rs11846838","A","G","A","G",0.052901,0.00483768073701492,0.382468,0.325049,FALSE,FALSE,FALSE,"QHu8X3",0.00848182756897588,0.57,"outcome",TRUE,"reported","textfile","Depression","exposure","1",0.020522,0.009963,"NMR",2,1,TRUE,NA
"rs11940255","A","G","A","G",-0.017886,-0.0202749839599002,0.715198,0.725422,FALSE,FALSE,FALSE,"QHu8X3",0.00895524316525006,0.024,"outcome",TRUE,"reported","textfile","Depression","exposure","1",0.021896,0.414008,"NMR",2,1,TRUE,NA
"rs12924872","T","C","T","C",-0.023578,-0.0186380929260196,0.45315,0.46247,FALSE,FALSE,FALSE,"QHu8X3",0.00796781092434493,0.019,"outcome",TRUE,"reported","textfile","Depression","exposure","1",0.020052,0.239635,"NMR",2,1,TRUE,NA
"rs13253502","A","G","A","G",-0.016373,9.59717154329035e-05,0.415811,0.406295,FALSE,FALSE,FALSE,"QHu8X3",0.00803526869729568,0.99,"outcome",TRUE,"reported","textfile","Depression","exposure","1",0.020093,0.415168,"NMR",2,1,TRUE,NA
"rs1592485","A","C","A","C",0.039078,-0.00584139025943377,0.653504,0.607592,FALSE,FALSE,FALSE,"QHu8X3",0.00812584431749496,0.47,"outcome",TRUE,"reported","textfile","Depression","exposure","1",0.020784,0.060102,"NMR",2,1,TRUE,NA
"rs182317","T","G","T","G",-0.014149,-0.00696616041747828,0.35641,0.365708,FALSE,FALSE,FALSE,"QHu8X3",0.00823442974124551,0.4,"outcome",TRUE,"reported","textfile","Depression","exposure","1",0.020543,0.491015,"NMR",2,1,TRUE,NA
"rs2072659","G","C","G","C",-0.025345,0.001191832979163,0.100146,0.10347,FALSE,TRUE,FALSE,"QHu8X3",0.0136693355749128,0.93,"outcome",TRUE,"reported","textfile","Depression","exposure","1",0.03472,0.465424,"NMR",2,1,TRUE,NA
"rs2084533","T","C","T","C",-0.013037,0.00179064841519332,0.315534,0.312476,FALSE,FALSE,FALSE,"QHu8X3",0.00858372514170008,0.83,"outcome",TRUE,"reported","textfile","Depression","exposure","1",0.021155,0.537738,"NMR",2,1,TRUE,NA
"rs215600","A","G","A","G",-0.006431,-0.0107977724531296,0.683013,0.640433,FALSE,FALSE,FALSE,"QHu8X3",0.00824185483569207,0.19,"outcome",TRUE,"reported","textfile","Depression","exposure","1",0.021358,0.763334,"NMR",2,1,TRUE,NA
"rs2236951","C","T","C","T",-0.007727,0.0122525643622142,0.226592,0.197683,FALSE,FALSE,FALSE,"QHu8X3",0.00993988441320719,0.22,"outcome",TRUE,"reported","textfile","Depression","exposure","1",0.024094,0.748448,"NMR",2,1,TRUE,NA
"rs2273500","C","T","C","T",0.012892,0.000129140296908905,0.203062,0.146291,FALSE,FALSE,FALSE,"QHu8X3",0.0111940407915015,0.99,"outcome",TRUE,"reported","textfile","Depression","exposure","1",0.025081,0.607276,"NMR",2,1,TRUE,NA
"rs258321","G","A","G","A",-0.012665,0.00679706837302485,0.398149,0.416283,FALSE,FALSE,FALSE,"QHu8X3",0.00800409383266895,0.4,"outcome",TRUE,"reported","textfile","Depression","exposure","1",0.02047,0.53611,"NMR",2,1,TRUE,NA
"rs2741351","C","A","C","A",0.036242,0.00622459885721877,0.808671,0.829595,FALSE,FALSE,FALSE,"QHu8X3",0.0105220960742091,0.55,"outcome",TRUE,"reported","textfile","Depression","exposure","1",0.02516,0.14972,"NMR",2,1,TRUE,NA
"rs28813180","A","G","A","G",0.001239,-0.00544680704887955,0.44753,0.503185,FALSE,FALSE,FALSE,"QHu8X3",0.00789729885722467,0.49,"outcome",TRUE,"reported","textfile","Depression","exposure","1",0.020008,0.950593,"NMR",2,1,TRUE,NA
"rs3025383","C","T","C","T",0.003227,0.0135996134114571,0.164274,0.182344,FALSE,FALSE,FALSE,"QHu8X3",0.0102761727333192,0.19,"outcome",TRUE,"reported","textfile","Depression","exposure","1",0.026269,0.902201,"NMR",2,1,TRUE,NA
"rs3181842","T","C","T","C",-0.25454,0.000435187945128093,0.601612,0.58203,FALSE,FALSE,FALSE,"QHu8X3",0.00812078893404198,0.96,"outcome",TRUE,"reported","textfile","Depression","exposure","1",0.020665,7.97e-35,"NMR",2,1,TRUE,NA
"rs34638591","C","T","C","T",-0.17454,0.0066992256391119,0.570088,0.653758,FALSE,FALSE,FALSE,"QHu8X3",0.00834659606160858,0.42,"outcome",TRUE,"reported","textfile","Depression","exposure","1",0.02457,1.26e-12,"NMR",2,1,TRUE,NA
"rs34973462","T","C","T","C",0.020323,0.0265570351436524,0.367526,0.340233,FALSE,FALSE,FALSE,"QHu8X3",0.00832726975194978,0.0014,"outcome",TRUE,"reported","textfile","Depression","exposure","1",0.021303,0.340062,"NMR",2,1,TRUE,NA
"rs4144686","A","G","A","G",0.008224,-0.0223544843471384,0.152545,0.168118,FALSE,FALSE,FALSE,"QHu8X3",0.0105656987564911,0.034,"outcome",TRUE,"reported","textfile","Depression","exposure","1",0.02737,0.763817,"NMR",2,1,TRUE,NA
"rs4236926","G","T","G","T",0.005356,0.0218919694214347,0.776219,0.768109,FALSE,FALSE,FALSE,"QHu8X3",0.00936941598668459,0.019,"outcome",TRUE,"reported","textfile","Depression","exposure","1",0.024041,0.823688,"NMR",2,1,TRUE,NA
"rs4485470","A","G","A","G",0.024014,-0.00107421105749025,0.556112,0.587812,FALSE,FALSE,FALSE,"QHu8X3",0.00804874971983697,0.89,"outcome",TRUE,"reported","textfile","Depression","exposure","1",0.019858,0.226533,"NMR",2,1,TRUE,NA
"rs56113850","C","T","C","T",0.682499,-0.0103218818253733,0.552548,0.578012,FALSE,FALSE,FALSE,"QHu8X3",0.00798597870862909,0.2,"outcome",TRUE,"reported","textfile","Depression","exposure","1",0.019773,1e-200,"NMR",2,1,TRUE,NA
"rs59208569","C","G","C","G",-0.030544,0.0127127095769243,0.832807,0.8303,FALSE,TRUE,FALSE,"QHu8X3",0.0106435832578136,0.23,"outcome",TRUE,"reported","textfile","Depression","exposure","1",0.031452,0.331473,"NMR",2,1,TRUE,NA
"rs6078373","A","G","A","G",0.006552,-0.0126510444308468,0.415212,0.409979,FALSE,FALSE,FALSE,"QHu8X3",0.00801678495154571,0.11,"outcome",TRUE,"reported","textfile","Depression","exposure","1",0.019879,0.741708,"NMR",2,1,TRUE,NA
"rs62447179","A","G","A","G",0.02218,0.00584412859213747,0.296126,0.30811,FALSE,FALSE,FALSE,"QHu8X3",0.0085676111069437,0.5,"outcome",TRUE,"reported","textfile","Depression","exposure","1",0.021571,0.303818,"NMR",2,1,TRUE,NA
"rs632811","G","A","G","A",0.02762,-0.0119253862643664,0.416375,0.329914,FALSE,FALSE,FALSE,"QHu8X3",0.00843374876592824,0.16,"outcome",TRUE,"reported","textfile","Depression","exposure","1",0.020468,0.17719,"NMR",2,1,TRUE,NA
"rs699165","G","A","G","A",0.007865,-0.0167950896959413,0.794735,0.739606,FALSE,FALSE,FALSE,"QHu8X3",0.00901332741471507,0.062,"outcome",TRUE,"reported","textfile","Depression","exposure","1",0.025106,0.754089,"NMR",2,1,TRUE,NA
"rs7125588","G","A","G","A",-0.027389,-0.013269591660417,0.349022,0.443202,FALSE,FALSE,FALSE,"QHu8X3",0.00800156614094246,0.097,"outcome",TRUE,"reported","textfile","Depression","exposure","1",0.020916,0.190349,"NMR",2,1,TRUE,NA
"rs7281463","C","A","C","A",-0.008731,0.000637747154642722,0.355149,0.428557,FALSE,FALSE,FALSE,"QHu8X3",0.00800293530729431,0.94,"outcome",TRUE,"reported","textfile","Depression","exposure","1",0.021259,0.681301,"NMR",2,1,TRUE,NA
"rs73229090","A","C","A","C",-0.036898,0.0318148445757324,0.106708,0.114227,FALSE,FALSE,FALSE,"QHu8X3",0.0125428802890506,0.011,"outcome",TRUE,"reported","textfile","Depression","exposure","1",0.032218,0.252077,"NMR",2,1,TRUE,NA
"rs7431710","A","G","A","G",-0.038252,-0.00449324061108498,0.665773,0.656018,FALSE,FALSE,FALSE,"QHu8X3",0.00830615299398471,0.59,"outcome",TRUE,"reported","textfile","Depression","exposure","1",0.021091,0.069731,"NMR",2,1,TRUE,NA
"rs75596189","T","C","T","C",0.004094,-0.00362333550341285,0.07565,0.11124,FALSE,FALSE,FALSE,"QHu8X3",0.0126003852758283,0.77,"outcome",TRUE,"reported","textfile","Depression","exposure","1",0.039684,0.917819,"NMR",2,1,TRUE,NA
"rs7599488","T","C","T","C",-0.006585,-0.0127297188358338,0.466476,0.425394,FALSE,FALSE,FALSE,"QHu8X3",0.00797286630779791,0.11,"outcome",TRUE,"reported","textfile","Depression","exposure","1",0.019645,0.737469,"NMR",2,1,TRUE,NA
"rs7766641","A","G","A","G",0.053899,0.02046471882012,0.336124,0.258518,FALSE,FALSE,FALSE,"QHu8X3",0.00904244852981403,0.024,"outcome",TRUE,"reported","textfile","Depression","exposure","1",0.021077,0.010571,"NMR",2,1,TRUE,NA
"rs78408772","T","C","T","C",0.004676,-0.023441602430507,0.0829,0.104387,FALSE,FALSE,FALSE,"QHu8X3",0.0130713258406203,0.073,"outcome",TRUE,"reported","textfile","Depression","exposure","1",0.036815,0.898905,"NMR",2,1,TRUE,NA
"rs790564","C","A","C","A",-0.014791,0.0126521502959771,0.739047,0.723739,FALSE,FALSE,FALSE,"QHu8X3",0.00886666863433425,0.15,"outcome",TRUE,"reported","textfile","Depression","exposure","1",0.0227,0.514688,"NMR",2,1,TRUE,NA
"rs7951365","C","T","C","T",0.005536,0.00491477006864848,0.285987,0.313517,FALSE,FALSE,FALSE,"QHu8X3",0.00858598953220506,0.57,"outcome",TRUE,"reported","textfile","Depression","exposure","1",0.022029,0.801577,"NMR",2,1,TRUE,NA
